Plate,Row,Column,final_ngul,band_intensity,rank_ngul,predict_MW,band_MW,band_notes
I,A,1,124.3097307,6,0.818,42.4946,44,
I,A,2,124.8848573,5,0.819,51.61275,48,extended
I,A,3,114.4798417,6,0.766,41.38895,44,
I,A,4,86.72380125,5,0.63,108.3738,92,
I,A,5,74.98335162,5,0.559,113.447,96,
I,A,6,208.1793564,6,0.977,114.9379,68,faint 28
I,A,7,77.45746918,4,0.572,81.79455,72,
I,A,8,89.97310667,4,0.653,48.59401,37,faint 30
I,A,9,83.00837767,4,0.61,120.145,97,
I,A,10,6.715732594,0,0.132,121.0907,0,
I,A,11,125.9780727,6,0.822,29.33718,37,
I,A,12,88.79943487,4,0.645,103.679,95,
I,B,1,10.66989424,0,0.159,70.52985,0,
I,B,2,22.26820323,1,0.227,81.34352,,maybe faint 72
I,B,3,0,0,0.001,97.75476,0,
I,B,4,107.0054195,5,0.733,44.32998,62,
I,B,5,5.268889003,0,0.123,53.94032,0,
I,B,6,23.08751417,0,0.238,53.37983,0,
I,B,7,147.2787092,5,0.889,56.39179,40,
I,B,8,50.90276883,4,0.404,73.46672,62,
I,B,9,0,0,0.001,204.1288,0,
I,B,10,184.6451478,7,0.958,74.21372,67,
I,B,11,68.32127289,4,0.523,30.52364,37,doublet
I,B,12,173.7415475,5,0.934,110.0927,96,
I,C,1,98.39643209,3,0.705,55.10085,56,
I,C,2,50.10900889,4,0.397,137.2605,115,
I,C,3,82.6452522,5,0.607,254.4462,200,
I,C,4,145.6525815,4,0.885,90.30968,90,
I,C,5,74.69934835,4,0.556,110.402,94,
I,C,6,0,0,0.001,62.69891,0,
I,C,7,75.70323542,4,0.561,66.87082,94,
I,C,8,190.222967,5,0.964,107.3803,90,28
I,C,9,173.4731128,5,0.933,65.53374,62,
I,C,10,98.27338512,4,0.702,167.4583,135,
I,C,11,0,0,0.001,60.90881,0,
I,C,12,37.95319723,2,0.333,63.98868,59,
I,D,1,87.63532193,4,0.635,114.1255,92,
I,D,2,17.5472218,0,0.2,61.23641,0,
I,D,3,244.6756305,7,0.992,67.8954,62,
I,D,4,207.3616142,6,0.976,79.53768,54,spread
I,D,5,136.2993387,5,0.864,73.81604,65,
I,D,6,0,0,0.001,178.5619,0,
I,D,7,218.4320778,6,0.983,58.31409,58,
I,D,8,12.27423763,0,0.171,166.1689,0,
I,D,9,26.10397294,2,0.258,165.8753,130,
I,D,10,163.6314831,6,0.919,55.25325,52,
I,D,11,131.575756,5,0.848,71.5944,64,
I,D,12,3.607613929,0,0.119,89.51408,0,
I,E,1,94.63770001,4,0.678,51.48256,63,
I,E,2,61.3330819,2,0.474,67.56728,62,
I,E,3,113.7432531,5,0.763,59.12623,53,darker 35 doublet
I,E,4,20.57277461,4,0.221,75.80636,70,
I,E,5,33.67343094,4,0.309,82.17123,100,
I,E,6,2.57865,1,0.114,125.2831,,maybe faint 98
I,E,7,123.9004299,5,0.816,116.6696,94,
I,E,8,7.094253924,0,0.133,35.00467,0,
I,E,9,0,0,0.001,45.65869,0,
I,E,10,171.3418176,6,0.93,43.7194,51,
I,E,11,156.9887756,4,0.909,76.3272,66,60
I,E,12,0,0,0.001,159.5665,0,
I,F,1,114.0788306,6,0.764,57.08904,70,
I,F,2,0,0,0.001,134.5657,0,
I,F,3,19.48771712,3,0.211,184.1595,160,
I,F,4,18.94531084,0,0.206,52.75668,33,
I,F,5,164.9977063,5,0.922,129.5979,100,
I,F,6,174.7122554,5,0.938,151.7981,108,
I,F,7,175.8003896,4,0.941,52.49539,59,
I,F,8,120.1791222,5,0.8,61.34686,62,
I,F,9,20.0252113,0,0.215,91.0034,0,
I,F,10,119.2236906,1,0.793,114.7897,53,faint 51
I,F,11,218.0353889,8,0.982,46.26398,43,
I,F,12,79.49470632,4,0.583,166.1689,120,"97,74"
I,G,1,31.49030088,0,0.294,101.4885,0,
I,G,2,33.00438583,0,0.308,174.1019,0,
I,G,3,145.8133198,4,0.886,77.9562,70,
I,G,4,220.0480332,1,0.985,121.1363,100,few other fainter bands
I,G,5,181.8071471,7,0.953,49.70185,55,
I,G,6,53.13791638,0,0.421,162.4576,0,
I,G,7,83.69882476,5,0.617,52.42922,49,
I,G,8,120.3625894,4,0.802,60.56874,60,
I,G,9,118.2525683,5,0.788,44.60153,51,
I,G,10,138.2017966,7,0.872,64.28542,90,
I,G,11,119.5078175,5,0.796,43.71243,52,
I,G,12,112.5635654,4,0.757,48.30353,62,
I,H,1,174.1445404,5,0.937,58.0807,60,
I,H,2,71.74573782,0,0.54,122.191,0,
I,H,3,198.1045196,0,0.97,132.1557,105,
I,H,4,192.5524707,7,0.965,48.14427,53,
I,H,5,0,0,0.001,60.49676,0,
I,H,6,174.9593205,5,0.94,48.76703,52,
I,H,7,86.41416411,4,0.627,116.6286,100,
I,H,8,91.43274067,0,0.662,169.1226,97,darker 42 band
I,H,9,223.9516032,5,0.988,80.99171,71,
I,H,10,299.7406494,7,0.995,101.5085,90,
I,H,11,199.2155117,5,0.971,52.50932,53,
I,H,12,24.97173063,0,0.244,62.64684,0,
II,A,1,63.43559933,5,0.486,130.0709,105,
II,A,2,120.7967443,8,0.805,44.08242,50,
II,A,3,308.5170479,7,0.997,66.43191,61,
II,A,4,144.3314202,8,0.879,35.44512,45,
II,A,5,65.31126596,3,0.502,62.05787,37,
II,A,6,1.237478294,1,0.107,195.5522,,faint 150
II,A,7,122.8092863,5,0.809,64.69305,62,
II,A,8,142.8065384,6,0.876,39.31292,45,
II,A,9,170.7578787,6,0.925,67.16954,61,
II,A,10,74.14517861,4,0.553,50.98298,59,
II,A,11,19.69366729,2,0.212,117.3958,97,
II,A,12,156.3505872,6,0.907,96.08423,80,
II,B,1,76.73508545,5,0.569,43.67432,50,darker 37 band
II,B,2,188.7774477,5,0.962,93.35828,78,
II,B,3,0,0,0.001,164.6882,0,
II,B,4,111.2011481,6,0.752,30.24814,42,
II,B,5,35.33159684,0,0.318,143.8787,,maybe faint 60
II,B,6,13.06899001,0,0.177,42.84546,0,
II,B,7,107.7156638,5,0.735,65.24551,63,
II,B,8,78.35775689,7,0.575,75.98466,71,
II,B,9,103.3968112,4,0.723,31.50075,32,
II,B,10,143.0022157,5,0.877,53.34551,50,
II,B,11,148.4813908,5,0.894,56.4613,53,few other fainter bands
II,B,12,177.775653,7,0.947,51.31404,52,
II,C,1,12.68047566,2,0.175,63.41174,60,
II,C,2,112.9876429,4,0.758,108.5621,94,
II,C,3,51.00759972,3,0.406,46.29949,50,
II,C,4,185.2408629,4,0.959,88.36919,72,
II,C,5,117.1213333,4,0.781,59.86629,58,
II,C,6,24.75469916,0,0.242,62.64684,0,
II,C,7,93.97330989,5,0.674,112.9768,90,
II,C,8,0,0,0.001,115.1938,0,
II,C,9,123.0317551,7,0.811,98.85715,91,
II,C,10,140.6616146,6,0.873,79.50564,70,
II,C,11,0,0,0.001,75.42138,0,
II,C,12,31.38829175,4,0.293,55.57422,66,
II,D,1,141.7865102,8,0.875,36.2641,41,
II,D,2,147.4670552,5,0.891,51.35582,53,
II,D,3,149.1885967,5,0.897,109.3374,94,
II,D,4,89.220169,0,0.648,171.0688,0,few other fainter bands
II,D,5,173.02123,6,0.931,107.0303,94,
II,D,6,123.2544383,5,0.813,149.0671,109,
II,D,7,83.76760197,1,0.619,64.69416,,maybe faint 63
II,D,8,18.83871557,3,0.203,158.9578,120,
II,D,9,62.80736557,4,0.485,126.1584,98,
II,D,10,37.58960232,3,0.331,94.28284,88,
II,D,11,0,0,0.001,159.5665,0,
II,D,12,194.1758299,5,0.967,116.452,94,
II,E,1,39.66359268,4,0.34,115.9634,91,
II,E,2,71.83813471,7,0.543,66.70607,63,
II,E,3,133.1502784,5,0.854,66.69506,62,
II,E,4,41.45323658,2,0.348,67.96963,67,
II,E,5,88.94400692,3,0.647,82.58951,90,
II,E,6,119.7643072,8,0.797,37.17785,47,
II,E,7,66.33070244,0,0.51,242.9215,0,
II,E,8,131.9030177,7,0.849,47.24262,49,
II,E,9,20.53256957,3,0.22,86.17682,87,
II,E,10,9.600627382,0,0.151,69.44067,0,
II,E,11,29.7646498,0,0.287,59.73355,0,
II,E,12,145.2029674,7,0.882,112.486,95,
II,F,1,155.7132163,5,0.906,49.1845,49,
II,F,2,52.10291767,0,0.415,54.61163,0,
II,F,3,0,0,0.001,75.79592,0,
II,F,4,119.4810127,1,0.794,51.34368,,maybe 58
II,F,5,27.31800267,5,0.266,338.9078,250,
II,F,6,166.7325282,6,0.924,49.61096,48,
II,F,7,136.0132007,5,0.863,88.33189,75,
II,F,8,47.29676121,4,0.375,90.94917,80,
II,F,9,63.81621931,4,0.489,203.7435,170,
II,F,10,126.3732457,5,0.824,95.56282,71,
II,F,11,27.47608176,3,0.267,113.4637,90,
II,F,12,48.8667087,1,0.386,39.37212,0,might slight 42
II,G,1,23.58048868,0,0.239,66.66571,0,
II,G,2,65.9331265,4,0.505,125.4585,95,
II,G,3,126.5406918,6,0.827,46.15284,53,
II,G,4,82.40698046,5,0.602,64.77752,60,
II,G,5,60.81107621,0,0.465,64.17556,59,
II,G,6,66.5643693,4,0.513,52.02101,53,
II,G,7,159.0620618,7,0.913,70.11732,60,
II,G,8,131.1963217,6,0.845,64.08644,62,
II,G,9,183.3693103,8,0.956,32.91229,38,
II,G,10,0,0,0.001,149.8875,,maybe spillover when loading gel
II,G,11,0,0,0.001,53.21907,0,
II,G,12,126.4150949,5,0.825,68.37216,70,
II,H,1,64.46373199,5,0.495,71.37652,86,
II,H,2,72.4003186,5,0.549,158.3401,120,
II,H,3,104.4647874,6,0.724,54.89614,54,
II,H,4,108.8592162,0,0.739,53.42184,52,other faint bands
II,H,5,80.10250697,5,0.589,82.37521,69,
II,H,6,44.55591135,4,0.363,49.22488,53,
II,H,7,0,1,0.001,58.84536,,slight 55
II,H,8,94.20149424,5,0.677,56.4435,54,
II,H,9,203.9520839,6,0.974,67.55484,57,
II,H,10,48.2569917,4,0.38,138.3939,150,
II,H,11,26.08663026,2,0.257,71.52332,68,49
II,H,12,0,0,0.001,62.69891,0,
III,A,1,145.4030965,4,0.883,64.24329,61,
III,A,2,108.3773498,4,0.736,82.42497,80,
III,A,3,210.5101889,6,0.979,71.45817,61,smaller 42 and 36
III,A,4,105.5669081,7,0.73,51.78679,52,
III,A,5,15.51176381,2,0.187,44.10768,48,
III,A,6,0,0,0.001,72.50747,0,
III,A,7,137.2847447,6,0.866,95.30452,90,
III,A,8,10.79514554,0,0.16,146.3496,0,
III,A,9,34.09555832,3,0.313,57.89144,56,
III,A,10,9.452048937,0,0.148,91.91149,0,
III,A,11,99.23385594,6,0.706,48.81158,53,
III,A,12,28.09363155,3,0.275,204.7033,170,
III,B,1,177.4712919,5,0.946,73.34083,78,
III,B,2,0,0,0.001,70.00129,0,
III,B,3,31.75794613,0,0.299,59.57024,0,
III,B,4,6.50078753,0,0.13,137.7716,0,
III,B,5,147.5505597,5,0.892,82.29309,81,
III,B,6,76.80380156,1,0.571,41.7843,30,50
III,B,7,118.296921,8,0.79,33.51109,40,
III,B,8,14.42021486,0,0.184,69.05482,0,
III,B,9,7.922173009,0,0.142,71.96865,0,
III,B,10,115.5515605,0,0.77,48.18412,,faint several bands largest at 93
III,B,11,28.97087895,2,0.279,249.4156,220,
III,B,12,23.69859661,0,0.241,82.0261,0,
III,C,1,91.93711625,5,0.665,61.06431,56,
III,C,2,46.04614436,0,0.369,114.3696,0,
III,C,3,29.56454171,0,0.284,72.37159,0,
III,C,4,0,0,0.001,74.23019,0,
III,C,5,214.511556,7,0.98,46.96782,48,
III,C,6,67.46902449,0,0.516,81.32262,,maybe faint 49
III,C,7,12.44557095,0,0.174,167.1223,0,
III,C,8,102.7457856,5,0.718,82.3513,89,
III,C,9,112.072232,7,0.755,48.80735,60,
III,C,10,0,0,0.001,57.43925,0,
III,C,11,0,0,0.001,156.5518,0,
III,C,12,159.7356205,6,0.915,103.454,98,70
III,D,1,129.689985,7,0.837,33.01744,42,
III,D,2,95.69034659,5,0.688,119.3391,97,
III,D,3,30.62940878,0,0.29,100.9715,,band present in multiple nearby wells. Maybe some unusual contaminant
III,D,4,70.99022423,5,0.537,59.69187,47,doublet bands
III,D,5,60.97474048,3,0.468,111.7141,,band present in multiple nearby wells. Maybe some unusual contaminant
III,D,6,123.2806375,1,0.815,116.7482,100,54
III,D,7,3.119729078,0,0.117,61.49833,0,
III,D,8,76.0630874,0,0.565,75.82242,65,
III,D,9,2.060718543,0,0.111,138.9091,0,
III,D,10,62.15990838,5,0.479,49.95784,53,
III,D,11,133.3683112,5,0.857,62.27937,60,
III,D,12,0,0,0.001,106.931,0,
III,E,1,97.0310514,7,0.697,52.93694,59,
III,E,2,83.32375729,0,0.616,56.82315,,small smear bands
III,E,3,108.51812,6,0.738,61.29663,62,
III,E,4,92.1428956,5,0.666,53.19919,53,
III,E,5,98.28209955,5,0.703,65.06427,59,
III,E,6,60.07154604,3,0.456,60.79638,59,
III,E,7,13.63361673,1,0.18,74.06107,,faint 65
III,E,8,58.25909542,6,0.449,77.28818,96,
III,E,9,120.1383121,8,0.799,127.7714,100,
III,E,10,5.850740716,0,0.126,134.1165,0,
III,E,11,0,0,0.001,51.7724,0,
III,E,12,69.35351288,4,0.534,64.81776,60,
III,F,1,46.57665955,0,0.373,141.0842,110,
III,F,2,43.49216307,4,0.355,200.4872,175,
III,F,3,0,0,0.001,138.6189,0,
III,F,4,0,0,0.001,174.8851,0,
III,F,5,90.38054026,3,0.656,50.15282,54,
III,F,6,129.3601529,6,0.834,97.27177,78,
III,F,7,221.5108719,8,0.986,54.43152,53,
III,F,8,0,0,0.001,176.4387,0,
III,F,9,181.8164766,6,0.955,87.55325,71,30
III,F,10,0,0,0.001,47.39059,0,
III,F,11,0,0,0.001,55.02263,0,
III,F,12,60.2538119,1,0.462,41.3698,0,
III,G,1,0,0,0.001,124.4062,,faint 105
III,G,2,36.34300709,6,0.322,64.76678,70,
III,G,3,35.91844833,3,0.321,69.64483,64,
III,G,4,36.34300709,5,0.322,120.5985,100,
III,G,5,71.97617908,4,0.544,52.86146,59,
III,G,6,88.28826327,4,0.639,82.00599,77,
III,G,7,75.78801453,4,0.562,57.53617,60,
III,G,8,33.81783195,5,0.311,129.6333,100,
III,G,9,17.0701979,3,0.196,56.02636,59,
III,G,10,89.43100143,4,0.651,75.93706,69,
III,G,11,0.409412836,0,0.104,64.78727,0,
III,G,12,55.58783899,5,0.434,114.2727,99,
III,H,1,28.46652552,2,0.276,68.14019,63,
III,H,2,108.9960346,5,0.741,76.29279,70,
III,H,3,61.13977714,4,0.471,99.65081,95,
III,H,4,137.5169358,6,0.867,53.02447,59,
III,H,5,116.4117361,5,0.773,93.19234,91,
III,H,6,46.48530393,0,0.37,100.3405,0,
III,H,7,63.69609442,1,0.488,58.84744,61,
III,H,8,79.23215847,4,0.581,178.1578,135,"104,stronger band at slightly lower MW"
III,H,9,171.0992797,7,0.927,43.14767,48,
III,H,10,126.8173267,7,0.828,61.36747,60,
III,H,11,64.06846798,1,0.492,107.9382,,maybe faint 93
III,H,12,38.66521074,0,0.337,62.66218,0,
IV,A,1,31.84665953,0,0.3,60.56803,0,
IV,A,2,1.825838816,0,0.108,61.42047,0,
IV,A,3,0,0,0.001,50.90977,0,
IV,A,4,110.8522684,4,0.751,54.18305,57,
IV,A,5,68.50420272,4,0.525,80.38264,83,
IV,A,6,9.457242405,0,0.15,189.1919,0,
IV,A,7,95.76154221,5,0.69,63.64358,63,
IV,A,8,0,0,0.001,75.38738,0,
IV,A,9,88.36295587,4,0.641,45.28771,49,
IV,A,10,117.0332634,5,0.779,55.26302,60,
IV,A,11,37.32085313,4,0.33,140.2564,106,
IV,A,12,171.2200068,7,0.928,62.09687,60,
IV,B,1,14.73754578,2,0.186,179.4865,220,
IV,B,2,31.30714651,1,0.291,106.8698,,maybe very faint 90
IV,B,3,49.1230791,2,0.391,92.0188,70,
IV,B,4,0,0,0.001,84.68144,0,
IV,B,5,27.55080003,0,0.27,60.43063,0,
IV,B,6,17.02429475,2,0.194,159.382,110,
IV,B,7,0,0,0.001,161.948,0,
IV,B,8,80.40459504,5,0.592,83.12625,70,
IV,B,9,0,0,0.001,169.044,0,
IV,B,10,48.84055106,5,0.385,62.90016,66,
IV,B,11,10.11152354,2,0.153,48.33256,60,
IV,B,12,96.7193051,6,0.694,89.15698,94,
IV,C,1,93.35805124,5,0.672,86.18708,82,
IV,C,2,181.3309895,5,0.952,74.96183,66,
IV,C,3,60.21221705,3,0.461,94.80445,95,
IV,C,4,110.7777109,4,0.75,56.65314,43,22
IV,C,5,0,0,0.001,168.3501,0,
IV,C,6,60.07285925,3,0.458,73.95686,70,
IV,C,7,88.78691696,5,0.644,99.56968,101,
IV,C,8,83.29786607,4,0.614,63.13294,65,
IV,C,9,11.91477681,2,0.163,119.0489,99,
IV,C,10,79.67761806,4,0.584,128.9257,109,
IV,C,11,1.982056978,0,0.11,109.8126,0,
IV,C,12,12.18886836,0,0.169,111.9815,0,
IV,D,1,18.01362146,2,0.202,41.67285,49,
IV,D,2,87.84269531,0,0.636,55.98167,51,other faint bands
IV,D,3,146.7220517,5,0.888,51.75976,53,
IV,D,4,34.05978605,4,0.312,215.6998,170,
IV,D,5,158.4718099,5,0.912,52.53407,61,other faint bands
IV,D,6,158.1073489,7,0.91,64.79345,61,
IV,D,7,0,0,0.001,164.6882,0,
IV,D,8,72.73804657,4,0.552,60.76396,59,
IV,D,9,54.73509046,3,0.425,88.41668,95,
IV,D,10,113.4624333,6,0.761,55.99969,57,
IV,D,11,117.0139868,4,0.776,53.22518,54,
IV,D,12,35.33938664,4,0.319,104.7301,118,
IV,E,1,68.51016282,5,0.526,48.80452,54,
IV,E,2,17.37220896,2,0.199,54.20096,80,
IV,E,3,66.26649629,5,0.507,120.1179,100,
IV,E,4,71.99662407,5,0.546,168.272,135,
IV,E,5,104.79991,6,0.726,71.06005,62,other faint bands
IV,E,6,61.05186372,4,0.47,124.3226,108,
IV,E,7,22.94469381,0,0.235,251.1219,0,
IV,E,8,57.19215747,5,0.444,71.86796,66,
IV,E,9,42.40683714,3,0.351,43.10794,49,doublet bands
IV,E,10,50.47604573,4,0.4,52.3435,61,
IV,E,11,21.09093472,0,0.223,166.1689,0,
IV,E,12,96.06148334,7,0.691,50.24243,52,
IV,F,1,41.29247896,0,0.346,159.478,110,other faint bands
IV,F,2,77.60834159,4,0.574,83.14772,67,
IV,F,3,28.83727413,1,0.278,68.63499,,maybe faint 64 that isn't background
IV,F,4,101.662747,5,0.717,58.83963,59,
IV,F,5,0,0,0.001,44.11326,0,
IV,F,6,91.76092931,5,0.663,48.91135,50,doublet bands
IV,F,7,120.4620911,7,0.803,64.23728,63,
IV,F,8,4.619109462,0,0.122,119.6709,,maybe 110 band mixed with background
IV,F,9,103.262437,6,0.72,67.43797,64,
IV,F,10,130.3317015,5,0.84,54.87956,52,
IV,F,11,85.90907456,5,0.626,83.17159,70,
IV,F,12,67.91592576,4,0.52,57.01971,83,
IV,G,1,48.02440434,5,0.379,55.26087,54,
IV,G,2,61.24147441,4,0.473,79.87889,95,
IV,G,3,134.3648401,7,0.861,86.30822,81,
IV,G,4,25.91940403,3,0.254,204.1469,180,
IV,G,5,67.8246961,6,0.519,49.8956,52,
IV,G,6,53.04847611,2,0.419,93.22317,89,
IV,G,7,0,0,0.001,47.82471,0,may actually be expressed
IV,G,8,0,0,0.001,70.37375,0,
IV,G,9,97.20524956,6,0.699,50.33941,53,
IV,G,10,82.81070525,5,0.608,71.95403,67,
IV,G,11,50.503343,0,0.401,83.5024,0,other faint bands
IV,G,12,48.44169523,4,0.383,114.304,96,other faint bands
IV,H,1,75.81267859,4,0.563,51.66415,52,
IV,H,2,29.44262405,3,0.281,116.3018,73,
IV,H,3,29.95248298,6,0.288,130.9255,95,
IV,H,4,69.64364755,5,0.535,57.87607,55,
IV,H,5,12.10860085,4,0.166,51.2278,54,
IV,H,6,60.17963166,0,0.459,147.6634,,other faint bands
IV,H,7,12.11861288,2,0.168,69.39382,63,
IV,H,8,44.47331039,4,0.361,62.20502,59,
IV,H,9,5.77280374,0,0.125,36.09589,0,
IV,H,10,64.0237015,6,0.491,86.24729,57,
IV,H,11,21.65771149,4,0.226,166.1689,120,"99,89"
IV,H,12,80.99360279,5,0.595,54.46644,61,
V,A,1,87.21340136,6,0.632,59.18153,60,
V,A,2,99.28223335,7,0.708,117.4942,105,
V,A,3,10.16795995,0,0.154,54.72084,0,
V,A,4,3.66489892,0,0.12,124.2254,0,
V,A,5,109.4279872,6,0.744,53.64463,53,
V,A,6,86.42752671,7,0.629,59.08577,33,
V,A,7,48.4146404,2,0.382,84.61043,90,
V,A,8,55.21036759,4,0.428,43.34854,46,
V,A,9,27.48480842,0,0.269,156.8838,0,
V,A,10,51.301486,0,0.41,105.2935,,other faint bands
V,A,11,0,0,0.001,95.24495,0,
V,A,12,95.02445829,6,0.683,194.8651,130,
V,B,1,52.63759247,4,0.418,52.83785,52,other faint bands
V,B,2,0,0,0.001,85.26939,0,
V,B,3,74.74046698,6,0.558,86.67794,74,
V,B,4,71.54763877,4,0.538,72.84664,74,other faint bands
V,B,5,150.8263981,8,0.901,78.1997,71,
V,B,6,18.86376574,4,0.205,85.13036,120,
V,B,7,69.08739669,4,0.531,155.8354,95,
V,B,8,116.8375872,5,0.775,57.31148,53,
V,B,9,37.9611941,0,0.334,59.68711,0,
V,B,10,45.75413986,6,0.367,51.08613,54,
V,B,11,56.4203952,5,0.443,138.2804,93,48
V,B,12,49.15981474,4,0.392,114.2772,95,
V,C,1,57.21270255,5,0.446,66.17409,68,
V,C,2,113.3998386,6,0.76,60.23813,60,
V,C,3,0,0,0.001,91.16353,0,
V,C,4,55.84097116,3,0.438,70.71547,63,
V,C,5,7.936512884,0,0.144,70.04548,65,
V,C,6,81.73590184,6,0.599,93.60603,90,
V,C,7,259.072253,8,0.994,61.0694,57,
V,C,8,64.24034334,6,0.494,33.53362,50,
V,C,9,83.03305945,7,0.613,52.0048,60,
V,C,10,129.7930504,8,0.839,52.98844,54,
V,C,11,68.69477649,4,0.528,72.68493,62,
V,C,12,105.0695651,4,0.727,83.26549,67,
V,D,1,0,0,0.001,62.66218,0,other faint bands
V,D,2,32.84026295,0,0.305,77.93486,0,other faint bands
V,D,3,149.1905251,7,0.898,63.8856,63,
V,D,4,25.79279344,0,0.25,105.7988,,other faint bands
V,D,5,39.82372929,5,0.345,53.84322,59,
V,D,6,27.70752914,0,0.272,154.4402,0,other faint bands
V,D,7,118.151184,8,0.787,82.81049,71,
V,D,8,36.78095838,1,0.328,100.6126,92,
V,D,9,23.03571346,4,0.236,212.1631,180,
V,D,10,19.27852388,0,0.208,147.3108,0,other faint bands
V,D,11,12.32484839,0,0.172,205.8207,0,other faint bands
V,D,12,7.70746276,0,0.139,80.27807,0,other faint bands
V,E,1,78.99902876,6,0.577,76.32473,80,"other faint bands,78"
V,E,2,19.36133187,0,0.209,53.23831,0,other faint bands
V,E,3,69.32119637,4,0.532,51.30432,64,other faint bands
V,E,4,16.09800938,0,0.191,77.73467,36,
V,E,5,92.42367056,8,0.668,88.76753,70,
V,E,6,58.39021694,7,0.452,59.68785,56,
V,E,7,95.0602738,6,0.686,63.51108,55,
V,E,8,106.694871,6,0.732,54.21584,52,other faint bands
V,E,9,61.65874178,4,0.477,172.3473,130,
V,E,10,173.7756036,8,0.936,46.68198,50,
V,E,11,196.985245,8,0.968,43.07823,49,33
V,E,12,153.7945673,7,0.903,58.1845,58,
V,F,1,154.2189414,6,0.904,55.87302,58,"other faint bands,30"
V,F,2,133.0987355,7,0.852,66.64481,60,other faint bands
V,F,3,130.8742299,7,0.843,64.53595,62,
V,F,4,115.6641991,4,0.772,47.95476,52,other faint bands
V,F,5,51.10447253,6,0.407,168.5591,130,
V,F,6,57.5874943,6,0.447,87.311,82,
V,F,7,121.1166246,7,0.806,71.88163,65,
V,F,8,130.6259493,6,0.842,60.78358,54,
V,F,9,105.4240943,6,0.729,88.64376,90,
V,F,10,127.2165125,7,0.831,108.4136,93,
V,F,11,110.0330065,7,0.747,42.4627,51,
V,F,12,163.3297566,8,0.918,48.45568,54,
V,G,1,201.9254557,8,0.973,86.20597,80,
V,G,2,7.5697117,2,0.136,81.66344,78,
V,G,3,321.1923775,7,0.998,83.94812,68,
V,G,4,88.43473835,6,0.642,57.57851,67,
V,G,5,117.2188798,5,0.784,89.64759,70,
V,G,6,0,0,0.001,39.47345,0,
V,G,7,90.85263128,5,0.659,55.14198,53,
V,G,8,82.51580414,4,0.604,42.80185,49,36
V,G,9,71.77438885,6,0.541,131.0799,110,
V,G,10,0,0,0.001,40.46423,0,
V,G,11,0,0,0.001,54.74517,0,
V,G,12,8.770136661,2,0.145,121.2168,99,
V,H,1,76.38684613,8,0.566,57.10422,60,
V,H,2,0,0,0.001,178.1128,0,
V,H,3,164.5198775,7,0.921,83.66735,67,
V,H,4,0,1,0.001,49.96316,,58 may be background band
V,H,5,59.52127749,4,0.453,86.27967,68,
V,H,6,88.07122562,6,0.638,131.99,105,
V,H,7,242.9424791,8,0.991,66.09654,60,
V,H,8,83.02528737,5,0.611,109.0598,92,
V,H,9,47.42648373,0,0.376,111.0978,,other faint bands
V,H,10,95.04301121,5,0.684,62.3499,59,
V,H,11,115.5480694,6,0.769,62.4594,62,
V,H,12,31.71736155,4,0.297,164.3735,130,
VI,A,1,0,0,0.001,38.59801,0,
VI,A,2,90.81368798,3,0.657,35.08191,48,36
VI,A,3,55.68118813,5,0.436,121.6795,100,doublet bands
VI,A,4,2.600333169,0,0.116,155.9808,0,
VI,A,5,68.24825282,0,0.522,129.7757,0,other faint bands
VI,A,6,39.80890858,0,0.343,51.88574,53,
VI,A,7,50.07343089,3,0.395,178.7046,165,
VI,A,8,7.502132024,0,0.135,213.8049,0,
VI,A,9,82.63312479,4,0.605,94.0794,92,
VI,A,10,133.5290926,6,0.858,48.76491,48,faint 35
VI,A,11,13.8984096,0,0.181,80.1165,0,
VI,A,12,84.01543123,7,0.62,126.0112,95,
VI,B,1,65.06662801,3,0.5,121.0793,100,
VI,B,2,67.30024523,1,0.514,69.40786,63,"48,36"
VI,B,3,25.18507414,0,0.247,107.0827,75,
VI,B,4,97.20652331,7,0.7,114.5024,106,
VI,B,5,148.9084538,8,0.895,80.55463,68,
VI,B,6,114.5243407,6,0.767,49.9536,61,
VI,B,7,80.89759272,7,0.593,60.92457,60,
VI,B,8,225.544286,8,0.989,167.1047,120,
VI,B,9,27.76166341,0,0.273,56.41343,,other faint bands
VI,B,10,14.17239549,0,0.183,84.51974,0,
VI,B,11,145.1930108,7,0.88,45.1251,63,33
VI,B,12,55.83082616,4,0.437,73.60301,67,
VI,C,1,65.18061529,0,0.501,83.92272,70,
VI,C,2,79.14356312,3,0.58,62.02273,57,39
VI,C,3,55.98068533,4,0.44,77.33623,66,
VI,C,4,32.38219125,0,0.303,51.20731,0,
VI,C,5,22.56177874,0,0.233,186.541,0,
VI,C,6,80.11776557,2,0.59,67.66136,62,
VI,C,7,25.80055452,0,0.251,121.8097,0,
VI,C,8,177.9759019,8,0.949,95.42156,71,
VI,C,9,17.26344159,0,0.197,83.14701,0,
VI,C,10,20.26592477,0,0.218,176.7554,140,
VI,C,11,101.3181363,5,0.714,58.37193,55,
VI,C,12,0,0,0.001,134.1452,0,
VI,D,1,26.90831569,4,0.264,67.78513,95,
VI,D,2,55.47206632,0,0.433,213.0188,,other faint bands
VI,D,3,72.38448846,6,0.547,45.37355,52,
VI,D,4,51.20884349,4,0.409,79.43586,70,
VI,D,5,26.06043492,2,0.255,56.04037,60,
VI,D,6,0,0,0.001,57.05486,0,
VI,D,7,10.25361422,0,0.156,46.28891,0,
VI,D,8,0,0,0.001,120.3541,0,
VI,D,9,48.86833316,0,0.388,101.9095,,other faint bands
VI,D,10,103.3680647,7,0.721,109.9046,95,
VI,D,11,117.1878377,6,0.782,66.91713,61,
VI,D,12,62.72949714,5,0.483,58.82932,62,
VI,E,1,91.23939231,4,0.66,90.02318,92,other faint bands
VI,E,2,127.4503053,7,0.833,61.51864,62,
VI,E,3,188.7245173,8,0.961,89.09182,70,
VI,E,4,34.66648778,4,0.316,200.801,180,
VI,E,5,79.12875602,5,0.578,38.62492,47,
VI,E,6,99.5514091,9,0.709,37.56557,49,42
VI,E,7,5.970955002,0,0.127,89.41264,0,
VI,E,8,99.76924107,9,0.711,45.3415,48,
VI,E,9,55.3909097,7,0.431,114.1847,71,
VI,E,10,55.03688083,7,0.427,116.1518,95,
VI,E,11,29.60295689,0,0.285,71.0278,0,
VI,E,12,129.4088099,7,0.836,64.72486,62,
VI,F,1,55.36364206,4,0.43,52.75653,31,
VI,F,2,132.5354729,6,0.851,38.16466,43,
VI,F,3,81.54029788,5,0.596,59.3263,59,
VI,F,4,0,0,0.001,45.79859,0,
VI,F,5,22.54258642,0,0.232,218.775,,other faint bands
VI,F,6,64.51152645,5,0.497,56.73589,64,
VI,F,7,90.19985158,5,0.654,56.48668,61,
VI,F,8,125.8684203,6,0.821,54.46644,55,
VI,F,9,9.247719869,0,0.147,115.0033,0,other faint bands
VI,F,10,11.34711284,0,0.162,60.75621,,other faint bands
VI,F,11,37.96995956,4,0.336,163.0935,135,
VI,F,12,32.9984208,5,0.306,81.34333,102,
VI,G,1,7.750533445,0,0.141,35.73955,0,
VI,G,2,26.34723333,0,0.26,121.0471,0,
VI,G,3,64.81882151,2,0.498,95.82525,88,other faint bands
VI,G,4,138.186108,6,0.87,92.98829,93,
VI,G,5,56.0881945,0,0.441,165.3952,115,other faint bands
VI,G,6,61.57672594,0,0.476,73.50333,67,other faint bands
VI,G,7,50.77094274,5,0.403,198.2556,140,"105,67"
VI,G,8,11.98213844,0,0.165,82.63993,,other faint bands
VI,G,9,66.49922447,4,0.511,114.2383,102,
VI,G,10,62.26486255,4,0.48,61.89299,60,other faint bands
VI,G,11,93.03784429,4,0.669,58.97414,54,"other faint bands,33"
VI,G,12,52.54564179,5,0.416,53.12755,62,
VI,H,1,81.75387189,8,0.601,45.65092,53,
VI,H,2,133.8819987,7,0.86,36.4472,41,
VI,H,3,45.43729131,3,0.366,45.36445,51,48
VI,H,4,0,0,0.001,61.35632,0,other faint bands
VI,H,5,94.09356403,6,0.675,155.5759,120,
VI,H,6,133.1769613,6,0.855,130.2717,108,
VI,H,7,60.29605055,7,0.464,86.96622,71,
VI,H,8,43.83122689,3,0.358,112.4359,95,
VI,H,9,43.01054936,0,0.354,98.02281,0,other faint bands
VI,H,10,16.09960608,0,0.193,132.3878,0,other faint bands
VI,H,11,0,0,0.001,176.9485,0,other faint bands
VI,H,12,49.02043847,0,0.389,137.4554,0,other faint bands
VII,A,1,84.85700803,3,0.622,42.99926,47,
VII,A,2,76.60509,8,0.568,70.47332,92,
VII,A,3,89.31022681,4,0.65,71.16773,67,
VII,A,4,176.2580659,7,0.943,107.8817,90,
VII,A,5,67.57712205,0,0.517,75.57518,,other faint bands
VII,A,6,74.17358186,5,0.555,87.00165,37,
VII,A,7,51.64067573,0,0.412,81.4581,,other faint bands
VII,A,8,65.52008493,3,0.504,55.04975,52,44
VII,A,9,26.39205712,4,0.261,54.72084,61,other faint bands
VII,A,10,50.35138259,3,0.398,215.6998,180,
VII,A,11,39.69537488,0,0.342,195.5522,0,
VII,A,12,44.84672039,0,0.364,46.80147,0,
VII,B,1,68.9755533,2,0.529,121.6978,110,
VII,B,2,85.87499739,4,0.625,47.12812,49,
VII,B,3,15.86140741,0,0.188,46.80147,0,
VII,B,4,121.9531043,6,0.808,65.53028,63,
VII,B,5,36.55769627,1,0.327,70.67235,73,
VII,B,6,79.78873212,5,0.586,71.47966,68,
VII,B,7,44.10525135,3,0.36,80.1776663,102,
VII,B,8,0,0,0.001,85.40958,0,
VII,B,9,95.6270256,6,0.687,27.302947,30,
VII,B,10,60.97195459,4,0.467,45.28771,52,
VII,B,11,21.44523834,3,0.224,166.1689,135,100
VII,B,12,87.63356009,5,0.633,80.38264,87,
VII,C,1,80.00820549,5,0.587,45.84964,54,
VII,C,2,0,0,0.001,38.68807,0,
VII,C,3,117.0298737,6,0.778,41.68356,51,
VII,C,4,52.07649748,4,0.413,132.412,104,
VII,C,5,59.92467445,5,0.455,90.91396,91,
VII,C,6,96.82719516,6,0.696,68.10056,65,
VII,C,7,47.71200893,4,0.377,88.42338,99,
VII,C,8,42.82543576,3,0.352,173.1468,120,
VII,C,9,49.85104104,2,0.394,70.52985,66,
VII,C,10,43.60320626,0,0.357,169.1226,97,"other faint bands,43"
VII,C,11,25.89195686,0,0.252,149.8875,0,other faint bands
VII,C,12,0,0,0.001,176.9485,0,
VII,D,1,0,0,0.001,39.60513,0,
VII,D,2,2.272126545,0,0.113,82.69653,0,cd4 tag faint
VII,D,3,6.20926514,0,0.129,166.1689,0,
VII,D,4,0,0,0.001,153.5773,0,
VII,D,5,110.4927218,6,0.748,68.62109,59,37
VII,D,6,62.32424985,6,0.482,65.54199,63,
VII,D,7,31.65224276,0,0.296,70.84051,0,
VII,D,8,126.8452518,9,0.83,37.54573,42,
VII,D,9,94.91060978,0,0.68,165.3952,,other faint bands
VII,D,10,13.44195743,0,0.178,168.3501,0,
VII,D,11,36.54479366,2,0.325,68.14019,62,
VII,D,12,0,0,0.001,167.1223,0,
VII,E,1,95.00184612,6,0.681,103.7786,94,
VII,E,2,25.24991668,4,0.248,103.5344,96,
VII,E,3,0,0,0.001,63.01904,0,
VII,E,4,41.75064622,4,0.349,37.54751,47,
VII,E,5,117.9830049,5,0.785,105.6814,95,other faint bands
VII,E,6,19.80216963,0,0.214,89.59094,0,
VII,E,7,85.42428866,8,0.623,36.64167,48,
VII,E,8,96.62078764,7,0.693,53.11091,58,
VII,E,9,22.36404675,0,0.23,47.82471,0,
VII,E,10,101.0909377,4,0.712,57.31148,53,80
VII,E,11,177.1932929,8,0.944,83.5024,77,
VII,E,12,10.61186519,0,0.157,69.39382,63,
VII,F,1,161.1833447,8,0.916,58.18696,56,
VII,F,2,81.55693515,6,0.598,54.834,63,
VII,F,3,109.9271801,3,0.745,53.64668,53,other faint bands
VII,F,4,26.89563534,3,0.263,209.1201,125,53
VII,F,5,16.0811437,0,0.19,124.2269,0,
VII,F,6,131.2959187,8,0.846,80.05456,74,
VII,F,7,7.681506799,0,0.138,76.41187,0,
VII,F,8,0,0,0.001,110.8243,0,
VII,F,9,46.48978932,4,0.372,82.37521,68,
VII,F,10,150.1541193,7,0.9,54.46644,58,
VII,F,11,0,0,0.001,174.8851,0,
VII,F,12,0,0,0.001,62.66218,0,
VII,G,1,178.6689064,4,0.95,60.17774,56,
VII,G,2,34.24083039,3,0.315,107.9876,94,
VII,G,3,111.7529903,4,0.754,71.12152,67,
VII,G,4,53.24436467,4,0.422,96.94583,90,
VII,G,5,123.1106565,7,0.812,67.2619,62,
VII,G,6,53.96976139,5,0.424,54.39342,54,
VII,G,7,29.47185316,0,0.282,170.5708,0,other faint bands
VII,G,8,0,0,0.001,152.6753,0,
VII,G,9,58.30926416,3,0.45,69.64483,65,
VII,G,10,72.68407886,5,0.55,54.21584,53,other faint bands
VII,G,11,138.0824105,6,0.869,67.43797,64,
VII,G,12,0,0,0.001,159.5665,0,other faint bands
VII,H,1,108.998836,5,0.742,80.25988,94,
VII,H,2,31.92819119,4,0.302,138.6001,105,
VII,H,3,20.16506611,0,0.217,53.03644,,other faint bands
VII,H,4,119.1145685,6,0.791,95.42156,90,
VII,H,5,93.08474652,9,0.671,27.302947,29,
VII,H,6,39.2042969,6,0.339,71.95403,66,
VII,H,7,22.32130242,0,0.229,50.90977,0,other faint bands
VII,H,8,25.06666501,3,0.245,58.54434,59,
VII,H,9,101.5234263,5,0.715,65.44495,62,"52,32"
VII,H,10,66.28063587,4,0.508,88.42338,100,
VII,H,11,1.235133234,0,0.105,164.6882,0,
VII,H,12,0,0,0.001,0,,other faint bands
